{
  "status": "approved",
  "metrics": {
    "rpm_rmse": 17.13860953279463,
    "map_rmse": 0.026079294460837576,
    "ve_rmse": 0.00109579391296668,
    "rpm_max_abs": 52.29618578256486,
    "map_max_abs": 0.07956549891909637
  },
  "thresholds": {
    "rpm_rmse": 450.0,
    "map_rmse": 0.25,
    "ve_rmse": 0.08
  },
  "source_data": "data/synth_data.csv"
}